Total elapsed time,Total distance,Stroke rate (/min),Speed (m/s),Current heart rate (bpm),Interval type,Workout state,Rowing state,Stroke count,Stroke state,Total work distance,Piece duration,Piece distance,Drag factor,Current pace (/500m),Average pace (/500m),Rest distance,Rest time,Interval count,Total average power (W),Total average calories (cal),Split average pace (/500m),Split average power (W),Split average calories (cal/hr),Last split time,Last split distance
0:02.1,6 m,0,3,95,Time,Running,Active,1,Recovery,0 m,0:00.0,0 m,0,2:48.2,2:47.7,0 m,0:00,1,74,0,2:47.7,74,0,0:00.0,0 m
0:03.1,9 m,0,3,99,Time,Running,Active,1,Recovery,0 m,0:00.0,0 m,0,2:48.2,0:00.0,0 m,0:00,1,0,0,2:41.3,84,0,0:00.0,0 m
0:04.1,12 m,0,3,100,Time,Running,Active,1,Driving,0 m,0:00.0,0 m,0,2:48.2,0:00.0,0 m,0:00,1,0,0,2:41.3,84,0,0:00.0,0 m
0:05.1,15 m,0,3,100,Time,Running,Active,2,Recovery,0 m,0:00.0,0 m,106,2:48.2,0:00.0,0 m,0:00,1,0,0,2:41.3,84,0,0:00.0,0 m
0:06.1,18 m,19,3.1,102,Time,Running,Active,2,Recovery,0 m,0:00.0,0 m,106,2:40.7,2:42.1,0 m,0:00,1,82,0,2:42.1,82,0,0:00.0,0 m
0:07.2,21 m,19,3.1,102,Time,Running,Active,2,Driving,0 m,0:00.0,0 m,106,2:40.7,2:42.1,0 m,0:00,1,82,0,2:42.1,82,0,0:00.0,0 m
0:08.2,24 m,19,3.1,101,Time,Running,Active,3,Recovery,0 m,0:00.0,0 m,105,2:40.7,2:42.1,0 m,0:00,1,82,0,2:42.1,82,0,0:00.0,0 m
0:09.1,27 m,18,2.9,101,Time,Running,Active,3,Recovery,0 m,0:00.0,0 m,105,2:52.4,2:46.4,0 m,0:00,1,76,1,2:46.4,76,1,0:00.0,0 m
0:10.2,30 m,18,2.9,103,Time,Running,Active,3,Driving,0 m,0:00.0,0 m,105,2:52.4,2:46.4,0 m,0:00,1,76,1,2:46.4,76,1,0:00.0,0 m
0:11.2,33 m,18,2.9,102,Time,Running,Active,4,Recovery,0 m,0:00.0,0 m,105,2:52.4,2:46.4,0 m,0:00,1,76,1,2:46.4,76,1,0:00.0,0 m
0:12.2,36 m,19,3,102,Time,Running,Active,4,Recovery,0 m,0:00.0,0 m,105,2:45.8,2:46.0,0 m,0:00,1,77,1,2:46.0,77,1,0:00.0,0 m
0:13.2,39 m,19,3,101,Time,Running,Active,4,Recovery,0 m,0:00.0,0 m,105,2:45.8,2:46.0,0 m,0:00,1,77,1,2:46.0,77,1,0:00.0,0 m
0:14.2,42 m,19,3,98,Time,Running,Active,4,Dwelling,0 m,0:00.0,0 m,105,2:45.8,2:46.0,0 m,0:00,1,77,1,2:46.0,77,1,0:00.0,0 m
0:15.2,45 m,17,3,97,Time,Running,Active,5,Recovery,0 m,0:00.0,0 m,105,2:47.6,2:46.3,0 m,0:00,1,76,2,2:46.3,76,2,0:00.0,0 m
0:16.2,48 m,17,3,96,Time,Running,Active,5,Recovery,0 m,0:00.0,0 m,105,2:47.6,2:46.3,0 m,0:00,1,76,2,2:46.3,76,2,0:00.0,0 m
0:17.2,51 m,17,3,97,Time,Running,Active,5,Driving,0 m,0:00.0,0 m,105,2:47.6,2:46.3,0 m,0:00,1,76,2,2:46.3,76,2,0:00.0,0 m
0:18.2,55 m,17,3,99,Time,Running,Active,6,Recovery,0 m,0:00.0,0 m,105,2:47.6,2:46.3,0 m,0:00,1,76,2,2:46.3,76,2,0:00.0,0 m
0:19.2,58 m,18,3.1,103,Time,Running,Active,6,Recovery,0 m,0:00.0,0 m,105,2:43.6,2:45.7,0 m,0:00,1,77,2,2:45.7,77,2,0:00.0,0 m
0:20.2,61 m,18,3.1,105,Time,Running,Active,6,Recovery,0 m,0:00.0,0 m,105,2:43.6,2:45.7,0 m,0:00,1,77,2,2:45.7,77,2,0:00.0,0 m
0:21.2,64 m,18,3.1,106,Time,Running,Active,6,Driving,0 m,0:00.0,0 m,105,2:43.6,2:45.7,0 m,0:00,1,77,2,2:45.7,77,2,0:00.0,0 m
0:22.2,67 m,18,3.1,107,Time,Running,Active,7,Recovery,0 m,0:00.0,0 m,105,2:43.6,2:45.7,0 m,0:00,1,77,2,2:45.7,77,2,0:00.0,0 m
0:23.2,70 m,16,3,107,Time,Running,Active,7,Recovery,0 m,0:00.0,0 m,105,2:46.1,2:45.7,0 m,0:00,1,77,3,2:45.7,77,3,0:00.0,0 m
0:24.2,73 m,16,3,109,Time,Running,Active,7,Driving,0 m,0:00.0,0 m,105,2:46.1,2:45.7,0 m,0:00,1,77,3,2:45.7,77,3,0:00.0,0 m
0:25.3,76 m,16,3,110,Time,Running,Active,8,Recovery,0 m,0:00.0,0 m,105,2:46.1,2:45.7,0 m,0:00,1,77,3,2:45.7,77,3,0:00.0,0 m
0:26.2,79 m,17,3,111,Time,Running,Active,8,Recovery,0 m,0:00.0,0 m,105,2:46.4,2:45.7,0 m,0:00,1,77,3,2:45.7,77,3,0:00.0,0 m
0:27.3,82 m,17,3,112,Time,Running,Active,8,Recovery,0 m,0:00.0,0 m,105,2:46.4,2:45.7,0 m,0:00,1,77,3,2:45.7,77,3,0:00.0,0 m
0:28.3,85 m,17,3,112,Time,Running,Active,8,Driving,0 m,0:00.0,0 m,105,2:46.4,2:45.7,0 m,0:00,1,77,3,2:45.7,77,3,0:00.0,0 m
0:29.3,88 m,17,3,111,Time,Running,Active,9,Recovery,0 m,0:00.0,0 m,105,2:46.4,2:45.7,0 m,0:00,1,77,3,2:45.7,77,3,0:00.0,0 m
0:30.3,91 m,17,3.1,111,Time,Running,Active,9,Recovery,0 m,0:00.0,0 m,105,2:42.8,2:45.3,0 m,0:00,1,78,4,2:45.3,78,4,0:00.0,0 m
0:31.3,94 m,17,3.1,112,Time,Running,Active,9,Driving,0 m,0:00.0,0 m,105,2:42.8,2:45.3,0 m,0:00,1,78,4,2:45.3,78,4,0:00.0,0 m
0:32.3,98 m,17,3.1,111,Time,Running,Active,10,Recovery,0 m,0:00.0,0 m,105,2:42.8,2:45.3,0 m,0:00,1,78,4,2:45.3,78,4,0:00.0,0 m
0:33.3,101 m,17,3.1,110,Time,Running,Active,10,Recovery,0 m,0:00.0,0 m,105,2:41.4,2:44.8,0 m,0:00,1,78,5,2:44.8,78,5,0:00.0,0 m
0:34.3,104 m,17,3.1,109,Time,Running,Active,10,Recovery,0 m,0:00.0,0 m,105,2:41.4,2:44.8,0 m,0:00,1,78,5,2:44.8,78,5,0:00.0,0 m
0:35.3,107 m,17,3.1,110,Time,Running,Active,10,Dwelling,0 m,0:00.0,0 m,105,2:41.4,2:44.8,0 m,0:00,1,78,5,2:44.8,78,5,0:00.0,0 m
0:36.3,110 m,18,3.1,110,Time,Running,Active,11,Recovery,0 m,0:00.0,0 m,105,2:41.3,2:44.4,0 m,0:00,1,79,5,2:44.4,79,5,0:00.0,0 m
0:37.3,113 m,18,3.1,110,Time,Running,Active,11,Recovery,0 m,0:00.0,0 m,105,2:41.3,2:44.4,0 m,0:00,1,79,5,2:44.4,79,5,0:00.0,0 m
0:38.3,116 m,18,3.1,113,Time,Running,Active,11,Driving,0 m,0:00.0,0 m,105,2:41.3,2:44.4,0 m,0:00,1,79,5,2:44.4,79,5,0:00.0,0 m
0:39.3,120 m,18,3.1,112,Time,Running,Active,12,Recovery,0 m,0:00.0,0 m,105,2:41.3,2:44.4,0 m,0:00,1,79,5,2:44.4,79,5,0:00.0,0 m
0:40.3,123 m,17,3.1,112,Time,Running,Active,12,Recovery,0 m,0:00.0,0 m,105,2:40.6,2:44.0,0 m,0:00,1,79,6,2:44.0,79,6,0:00.0,0 m
0:41.4,126 m,17,3.1,112,Time,Running,Active,12,Recovery,0 m,0:00.0,0 m,105,2:40.6,2:44.0,0 m,0:00,1,79,6,2:44.0,79,6,0:00.0,0 m
0:42.4,129 m,17,3.1,112,Time,Running,Active,13,Recovery,0 m,0:00.0,0 m,105,2:40.6,2:44.0,0 m,0:00,1,79,6,2:44.0,79,6,0:00.0,0 m
0:43.4,132 m,18,3.2,113,Time,Running,Active,13,Recovery,0 m,0:00.0,0 m,105,2:38.7,2:43.6,0 m,0:00,1,80,6,2:43.6,80,6,0:00.0,0 m
0:44.4,135 m,18,3.2,115,Time,Running,Active,13,Recovery,0 m,0:00.0,0 m,105,2:38.7,2:43.6,0 m,0:00,1,80,6,2:43.6,80,6,0:00.0,0 m
0:45.4,139 m,18,3.2,115,Time,Running,Active,13,Driving,0 m,0:00.0,0 m,105,2:38.7,2:43.6,0 m,0:00,1,80,6,2:43.6,80,6,0:00.0,0 m
0:46.4,142 m,18,3.2,116,Time,Running,Active,14,Recovery,0 m,0:00.0,0 m,105,2:38.7,2:43.6,0 m,0:00,1,80,6,2:43.6,80,6,0:00.0,0 m
0:47.4,145 m,18,3.2,116,Time,Running,Active,14,Recovery,0 m,0:00.0,0 m,105,2:38.6,2:43.2,0 m,0:00,1,81,7,2:43.2,81,7,0:00.0,0 m
0:48.4,148 m,18,3.2,117,Time,Running,Active,14,Driving,0 m,0:00.0,0 m,105,2:38.6,2:43.2,0 m,0:00,1,81,7,2:43.2,81,7,0:00.0,0 m
0:49.4,151 m,18,3.2,116,Time,Running,Active,15,Recovery,0 m,0:00.0,0 m,105,2:38.6,2:43.2,0 m,0:00,1,81,7,2:43.2,81,7,0:00.0,0 m
0:50.4,155 m,18,3.2,117,Time,Running,Active,15,Recovery,0 m,0:00.0,0 m,105,2:39.1,2:42.8,0 m,0:00,1,81,7,2:42.8,81,7,0:00.0,0 m
0:51.4,157 m,18,3.2,117,Time,Running,Active,15,Recovery,0 m,0:00.0,0 m,105,2:39.1,2:42.8,0 m,0:00,1,81,7,2:42.8,81,7,0:00.0,0 m
0:52.4,161 m,18,3.2,116,Time,Running,Active,16,Recovery,0 m,0:00.0,0 m,105,2:39.1,2:42.8,0 m,0:00,1,81,7,2:42.8,81,7,0:00.0,0 m
0:53.4,164 m,18,3.2,116,Time,Running,Active,16,Recovery,0 m,0:00.0,0 m,105,2:38.5,2:42.5,0 m,0:00,1,82,8,2:42.5,82,8,0:00.0,0 m
0:54.4,167 m,18,3.2,117,Time,Running,Active,16,Recovery,0 m,0:00.0,0 m,105,2:38.5,2:42.5,0 m,0:00,1,82,8,2:42.5,82,8,0:00.0,0 m
0:55.4,170 m,18,3.2,117,Time,Running,Active,16,Driving,0 m,0:00.0,0 m,105,2:38.5,2:42.5,0 m,0:00,1,82,8,2:42.5,82,8,0:00.0,0 m
0:56.4,174 m,18,3.2,117,Time,Running,Active,17,Recovery,0 m,0:00.0,0 m,105,2:38.5,2:42.5,0 m,0:00,1,82,8,2:42.5,82,8,0:00.0,0 m
0:57.4,177 m,18,3.2,117,Time,Running,Active,17,Recovery,0 m,0:00.0,0 m,105,2:36.3,2:42.1,0 m,0:00,1,82,8,2:42.1,82,8,0:00.0,0 m
0:58.4,180 m,18,3.2,117,Time,Running,Active,17,Driving,0 m,0:00.0,0 m,105,2:36.3,2:42.1,0 m,0:00,1,82,8,2:42.1,82,8,0:00.0,0 m
0:59.4,183 m,18,3.2,117,Time,Running,Active,18,Recovery,0 m,0:00.0,0 m,105,2:36.3,2:42.1,0 m,0:00,1,82,8,2:42.1,82,8,0:00.0,0 m
1:00.4,186 m,17,3.2,117,Time,Running,Active,18,Recovery,0 m,0:00.0,0 m,105,2:38.4,2:41.8,0 m,0:00,1,83,9,2:41.8,83,9,0:00.0,0 m
1:01.5,189 m,17,3.2,117,Time,Running,Active,18,Driving,0 m,0:00.0,0 m,105,2:38.4,2:41.8,0 m,0:00,1,83,9,2:41.8,83,9,0:00.0,0 m
1:02.5,193 m,17,3.2,117,Time,Running,Active,19,Recovery,0 m,0:00.0,0 m,105,2:38.4,2:41.8,0 m,0:00,1,83,9,2:41.8,83,9,0:00.0,0 m
1:03.5,196 m,19,3.2,117,Time,Running,Active,19,Recovery,0 m,0:00.0,0 m,105,2:38.8,2:41.7,0 m,0:00,1,83,10,2:41.7,83,10,0:00.0,0 m
1:04.5,199 m,19,3.2,117,Time,Running,Active,19,Recovery,0 m,0:00.0,0 m,105,2:38.8,2:41.7,0 m,0:00,1,83,10,2:41.7,83,10,0:00.0,0 m
1:05.5,202 m,19,3.2,117,Time,Running,Active,19,Driving,0 m,0:00.0,0 m,105,2:38.8,2:41.7,0 m,0:00,1,83,10,2:41.7,83,10,0:00.0,0 m
1:06.5,206 m,19,3.2,118,Time,Running,Active,20,Recovery,0 m,0:00.0,0 m,105,2:38.8,2:41.7,0 m,0:00,1,83,10,2:41.7,83,10,0:00.0,0 m
1:07.5,209 m,18,3.2,123,Time,Running,Active,20,Recovery,0 m,0:00.0,0 m,105,2:38.5,2:41.5,0 m,0:00,1,83,10,2:41.5,83,10,0:00.0,0 m
1:08.5,212 m,18,3.2,125,Time,Running,Active,20,Driving,0 m,0:00.0,0 m,105,2:38.5,2:41.5,0 m,0:00,1,83,10,2:41.5,83,10,0:00.0,0 m
1:09.5,215 m,18,3.2,125,Time,Running,Active,21,Recovery,0 m,0:00.0,0 m,105,2:38.5,2:41.5,0 m,0:00,1,83,10,2:41.5,83,10,0:00.0,0 m
1:10.5,218 m,19,3.2,125,Time,Running,Active,21,Recovery,0 m,0:00.0,0 m,105,2:38.4,2:41.3,0 m,0:00,1,83,11,2:41.3,83,11,0:00.0,0 m
1:11.5,221 m,19,3.2,125,Time,Running,Active,21,Driving,0 m,0:00.0,0 m,105,2:38.4,2:41.3,0 m,0:00,1,83,11,2:41.3,83,11,0:00.0,0 m
1:12.5,225 m,19,3.2,118,Time,Running,Active,22,Recovery,0 m,0:00.0,0 m,105,2:38.4,2:41.3,0 m,0:00,1,83,11,2:41.3,83,11,0:00.0,0 m
1:13.5,228 m,18,3.2,118,Time,Running,Active,22,Recovery,0 m,0:00.0,0 m,105,2:35.0,2:41.0,0 m,0:00,1,84,11,2:41.0,84,11,0:00.0,0 m
1:14.5,231 m,18,3.2,118,Time,Running,Active,22,Recovery,0 m,0:00.0,0 m,105,2:35.0,2:41.0,0 m,0:00,1,84,11,2:41.0,84,11,0:00.0,0 m
1:15.5,234 m,18,3.2,118,Time,Running,Active,22,Driving,0 m,0:00.0,0 m,105,2:35.0,2:41.0,0 m,0:00,1,84,11,2:41.0,84,11,0:00.0,0 m
1:16.5,238 m,18,3.2,117,Time,Running,Active,23,Recovery,0 m,0:00.0,0 m,105,2:35.0,2:41.0,0 m,0:00,1,84,11,2:41.0,84,11,0:00.0,0 m
1:17.5,241 m,17,3.2,117,Time,Running,Active,23,Recovery,0 m,0:00.0,0 m,105,2:37.1,2:40.8,0 m,0:00,1,84,12,2:40.8,84,12,0:00.0,0 m
1:18.5,244 m,17,3.2,118,Time,Running,Active,23,Driving,0 m,0:00.0,0 m,105,2:37.1,2:40.8,0 m,0:00,1,84,12,2:40.8,84,12,0:00.0,0 m
1:19.5,247 m,17,3.2,118,Time,Running,Active,24,Recovery,0 m,0:00.0,0 m,105,2:37.1,2:40.8,0 m,0:00,1,84,12,2:40.8,84,12,0:00.0,0 m
1:20.5,251 m,17,3.2,117,Time,Running,Active,24,Recovery,0 m,0:00.0,0 m,105,2:37.1,2:40.6,0 m,0:00,1,85,13,2:40.6,85,13,0:00.0,0 m
1:21.5,254 m,17,3.2,117,Time,Running,Active,24,Recovery,0 m,0:00.0,0 m,105,2:37.1,2:40.6,0 m,0:00,1,85,13,2:40.6,85,13,0:00.0,0 m
1:22.6,257 m,17,3.2,117,Time,Running,Active,24,Driving,0 m,0:00.0,0 m,105,2:37.1,2:40.6,0 m,0:00,1,85,13,2:40.6,85,13,0:00.0,0 m
1:23.5,260 m,17,3.2,120,Time,Running,Active,25,Recovery,0 m,0:00.0,0 m,105,2:37.1,2:40.6,0 m,0:00,1,85,13,2:40.6,85,13,0:00.0,0 m
1:24.6,264 m,17,3.2,120,Time,Running,Active,25,Recovery,0 m,0:00.0,0 m,105,2:35.9,2:40.4,0 m,0:00,1,85,13,2:40.4,85,13,0:00.0,0 m
1:25.6,267 m,17,3.2,120,Time,Running,Active,25,Driving,0 m,0:00.0,0 m,105,2:35.9,2:40.4,0 m,0:00,1,85,13,2:40.4,85,13,0:00.0,0 m
1:26.6,270 m,17,3.2,120,Time,Running,Active,26,Recovery,0 m,0:00.0,0 m,105,2:35.9,2:40.4,0 m,0:00,1,85,13,2:40.4,85,13,0:00.0,0 m
1:27.6,273 m,17,3.2,119,Time,Running,Active,26,Recovery,0 m,0:00.0,0 m,105,2:36.6,2:40.2,0 m,0:00,1,85,14,2:40.2,85,14,0:00.0,0 m
1:28.6,276 m,17,3.2,118,Time,Running,Active,26,Recovery,0 m,0:00.0,0 m,105,2:36.6,2:40.2,0 m,0:00,1,85,14,2:40.2,85,14,0:00.0,0 m
1:29.6,280 m,17,3.2,118,Time,Running,Active,26,Dwelling,0 m,0:00.0,0 m,105,2:36.6,2:40.2,0 m,0:00,1,85,14,2:40.2,85,14,0:00.0,0 m
1:30.6,283 m,18,3.2,118,Time,Running,Active,27,Recovery,0 m,0:00.0,0 m,105,2:35.3,2:40.0,0 m,0:00,1,86,14,2:40.0,86,14,0:00.0,0 m
1:31.6,286 m,18,3.2,118,Time,Running,Active,27,Recovery,0 m,0:00.0,0 m,105,2:35.3,2:40.0,0 m,0:00,1,86,14,2:40.0,86,14,0:00.0,0 m
1:32.6,289 m,18,3.2,118,Time,Running,Active,27,Driving,0 m,0:00.0,0 m,105,2:35.3,2:40.0,0 m,0:00,1,86,14,2:40.0,86,14,0:00.0,0 m
1:33.6,293 m,18,3.2,119,Time,Running,Active,28,Recovery,0 m,0:00.0,0 m,105,2:35.3,2:40.0,0 m,0:00,1,86,14,2:40.0,86,14,0:00.0,0 m
1:34.6,296 m,18,3.2,118,Time,Running,Active,28,Recovery,0 m,0:00.0,0 m,105,2:34.6,2:39.8,0 m,0:00,1,86,15,2:39.8,86,15,0:00.0,0 m
1:35.6,299 m,18,3.2,118,Time,Running,Active,28,Recovery,0 m,0:00.0,0 m,105,2:34.6,2:39.8,0 m,0:00,1,86,15,2:39.8,86,15,0:00.0,0 m
1:36.7,303 m,18,3.2,118,Time,Running,Active,29,Recovery,0 m,0:00.0,0 m,105,2:34.6,2:39.8,0 m,0:00,1,86,15,2:39.8,86,15,0:00.0,0 m
1:37.7,306 m,17,3.3,121,Time,Running,Active,29,Recovery,0 m,0:00.0,0 m,105,2:33.8,2:39.5,0 m,0:00,1,86,16,2:39.5,86,16,0:00.0,0 m
1:38.7,309 m,17,3.3,121,Time,Running,Active,29,Recovery,0 m,0:00.0,0 m,105,2:33.8,2:39.5,0 m,0:00,1,86,16,2:39.5,86,16,0:00.0,0 m
1:39.7,312 m,17,3.3,121,Time,Running,Active,29,Driving,0 m,0:00.0,0 m,105,2:33.8,2:39.5,0 m,0:00,1,86,16,2:39.5,86,16,0:00.0,0 m
1:40.7,316 m,17,3.3,121,Time,Running,Active,30,Recovery,0 m,0:00.0,0 m,105,2:33.8,2:39.5,0 m,0:00,1,86,16,2:39.5,86,16,0:00.0,0 m
1:41.7,319 m,18,3.3,121,Time,Running,Active,30,Recovery,0 m,0:00.0,0 m,105,2:30.8,2:39.2,0 m,0:00,1,87,16,2:39.2,87,16,0:00.0,0 m
1:42.7,323 m,18,3.3,120,Time,Running,Active,30,Driving,0 m,0:00.0,0 m,105,2:30.8,2:39.2,0 m,0:00,1,87,16,2:39.2,87,16,0:00.0,0 m
1:43.7,327 m,18,3.3,118,Time,Running,Active,31,Recovery,0 m,0:00.0,0 m,105,2:30.8,2:39.2,0 m,0:00,1,87,16,2:39.2,87,16,0:00.0,0 m
1:44.7,330 m,20,3.4,117,Time,Running,Active,31,Recovery,0 m,0:00.0,0 m,105,2:26.3,2:38.8,0 m,0:00,1,88,17,2:38.8,88,17,0:00.0,0 m
1:45.7,333 m,20,3.4,118,Time,Running,Active,31,Driving,0 m,0:00.0,0 m,105,2:26.3,2:38.8,0 m,0:00,1,88,17,2:38.8,88,17,0:00.0,0 m
1:46.7,337 m,20,3.4,118,Time,Running,Active,32,Recovery,0 m,0:00.0,0 m,105,2:26.3,2:38.8,0 m,0:00,1,88,17,2:38.8,88,17,0:00.0,0 m
1:47.7,340 m,18,3.5,118,Time,Running,Active,32,Recovery,0 m,0:00.0,0 m,105,2:25.4,2:38.3,0 m,0:00,1,88,17,2:38.3,88,17,0:00.0,0 m
1:48.7,344 m,18,3.5,118,Time,Running,Active,32,Driving,0 m,0:00.0,0 m,105,2:25.4,2:38.3,0 m,0:00,1,88,17,2:38.3,88,17,0:00.0,0 m
1:49.7,347 m,18,3.5,118,Time,Running,Active,33,Recovery,0 m,0:00.0,0 m,105,2:25.4,2:38.3,0 m,0:00,1,88,17,2:38.3,88,17,0:00.0,0 m
1:50.7,351 m,19,3.4,118,Time,Running,Active,33,Recovery,0 m,0:00.0,0 m,105,2:26.2,2:37.9,0 m,0:00,1,89,18,2:37.9,89,18,0:00.0,0 m
1:51.7,354 m,19,3.4,118,Time,Running,Active,33,Recovery,0 m,0:00.0,0 m,105,2:26.2,2:37.9,0 m,0:00,1,89,18,2:37.9,89,18,0:00.0,0 m
1:52.7,357 m,19,3.4,119,Time,Running,Active,33,Driving,0 m,0:00.0,0 m,105,2:26.2,2:37.9,0 m,0:00,1,89,18,2:37.9,89,18,0:00.0,0 m
1:53.7,361 m,19,3.4,119,Time,Running,Active,34,Recovery,0 m,0:00.0,0 m,105,2:26.2,2:37.9,0 m,0:00,1,89,18,2:37.9,89,18,0:00.0,0 m
1:54.7,364 m,17,3.4,118,Time,Running,Active,34,Recovery,0 m,0:00.0,0 m,105,2:29.1,2:37.6,0 m,0:00,1,89,19,2:37.6,89,19,0:00.0,0 m
1:55.7,367 m,17,3.4,119,Time,Running,Active,34,Driving,0 m,0:00.0,0 m,105,2:29.1,2:37.6,0 m,0:00,1,89,19,2:37.6,89,19,0:00.0,0 m
1:56.7,371 m,17,3.4,120,Time,Running,Active,35,Recovery,0 m,0:00.0,0 m,105,2:29.1,2:37.6,0 m,0:00,1,89,19,2:37.6,89,19,0:00.0,0 m
1:57.7,374 m,18,3.3,117,Time,Running,Active,35,Recovery,0 m,0:00.0,0 m,105,2:30.4,2:37.4,0 m,0:00,1,90,19,2:37.4,90,19,0:00.0,0 m
1:58.7,377 m,18,3.3,117,Time,Running,Active,35,Recovery,0 m,0:00.0,0 m,105,2:30.4,2:37.4,0 m,0:00,1,90,19,2:37.4,90,19,0:00.0,0 m
1:59.8,381 m,18,3.3,117,Time,Running,Active,36,Recovery,0 m,0:00.0,0 m,105,2:30.4,2:37.4,0 m,0:00,1,90,19,2:37.4,90,19,0:00.0,0 m
2:00.7,384 m,18,3.4,117,Time,Running,Active,36,Recovery,0 m,0:00.0,0 m,105,2:29.6,2:37.1,0 m,0:00,1,90,20,2:37.1,90,20,0:00.0,0 m
2:01.8,387 m,18,3.4,119,Time,Running,Active,36,Recovery,0 m,0:00.0,0 m,105,2:29.6,2:37.1,0 m,0:00,1,90,20,2:37.1,90,20,0:00.0,0 m
2:02.8,391 m,18,3.4,120,Time,Running,Active,36,Dwelling,0 m,0:00.0,0 m,105,2:29.6,2:37.1,0 m,0:00,1,90,20,2:37.1,90,20,0:00.0,0 m
2:03.8,394 m,18,3.3,120,Time,Running,Active,37,Recovery,0 m,0:00.0,0 m,105,2:31.6,2:37.0,0 m,0:00,1,91,20,2:37.0,91,20,0:00.0,0 m
2:04.8,397 m,18,3.3,120,Time,Running,Active,37,Driving,0 m,0:00.0,0 m,105,2:31.6,2:37.0,0 m,0:00,1,91,20,2:37.0,91,20,0:00.0,0 m
2:05.8,401 m,18,3.3,121,Time,Running,Active,38,Recovery,0 m,0:00.0,0 m,105,2:31.6,2:37.0,0 m,0:00,1,91,20,2:37.0,91,20,0:00.0,0 m
2:06.8,404 m,23,3.4,121,Time,Running,Active,38,Recovery,0 m,0:00.0,0 m,105,2:28.4,2:36.8,0 m,0:00,1,91,21,2:36.8,91,21,0:00.0,0 m
2:07.8,408 m,23,3.4,121,Time,Running,Active,38,Driving,0 m,0:00.0,0 m,105,2:28.4,2:36.8,0 m,0:00,1,91,21,2:36.8,91,21,0:00.0,0 m
2:08.8,411 m,23,3.4,121,Time,Running,Active,39,Recovery,0 m,0:00.0,0 m,105,2:28.4,2:36.8,0 m,0:00,1,91,21,2:36.8,91,21,0:00.0,0 m
2:09.8,415 m,19,3.4,120,Time,Running,Active,39,Recovery,0 m,0:00.0,0 m,105,2:29.7,2:36.6,0 m,0:00,1,91,21,2:36.6,91,21,0:00.0,0 m
2:10.8,418 m,19,3.4,120,Time,Running,Active,39,Recovery,0 m,0:00.0,0 m,105,2:29.7,2:36.6,0 m,0:00,1,91,21,2:36.6,91,21,0:00.0,0 m
2:11.8,421 m,19,3.4,120,Time,Running,Active,39,Dwelling,0 m,0:00.0,0 m,105,2:29.7,2:36.6,0 m,0:00,1,91,21,2:36.6,91,21,0:00.0,0 m
2:12.8,424 m,18,3.3,120,Time,Running,Active,40,Recovery,0 m,0:00.0,0 m,105,2:32.4,2:36.5,0 m,0:00,1,91,22,2:36.5,91,22,0:00.0,0 m
2:13.8,428 m,18,3.3,120,Time,Running,Active,40,Recovery,0 m,0:00.0,0 m,105,2:32.4,2:36.5,0 m,0:00,1,91,22,2:36.5,91,22,0:00.0,0 m
2:14.8,431 m,18,3.3,120,Time,Running,Active,40,Driving,0 m,0:00.0,0 m,105,2:32.4,2:36.5,0 m,0:00,1,91,22,2:36.5,91,22,0:00.0,0 m
2:15.8,434 m,18,3.3,120,Time,Running,Active,41,Recovery,0 m,0:00.0,0 m,105,2:32.4,2:36.5,0 m,0:00,1,91,22,2:36.5,91,22,0:00.0,0 m
2:16.8,438 m,19,3.3,120,Time,Running,Active,41,Recovery,0 m,0:00.0,0 m,105,2:33.2,2:36.4,0 m,0:00,1,92,23,2:36.4,92,23,0:00.0,0 m
2:17.9,441 m,19,3.3,120,Time,Running,Active,41,Driving,0 m,0:00.0,0 m,105,2:33.2,2:36.4,0 m,0:00,1,92,23,2:36.4,92,23,0:00.0,0 m
2:18.9,444 m,19,3.3,122,Time,Running,Active,42,Recovery,0 m,0:00.0,0 m,105,2:33.2,2:36.4,0 m,0:00,1,92,23,2:36.4,92,23,0:00.0,0 m
2:19.9,448 m,19,3.3,121,Time,Running,Active,42,Recovery,0 m,0:00.0,0 m,105,2:30.3,2:36.2,0 m,0:00,1,92,23,2:36.2,92,23,0:00.0,0 m
2:20.9,451 m,19,3.3,119,Time,Running,Active,42,Driving,0 m,0:00.0,0 m,105,2:30.3,2:36.2,0 m,0:00,1,92,23,2:36.2,92,23,0:00.0,0 m
2:21.9,455 m,19,3.3,118,Time,Running,Active,43,Recovery,0 m,0:00.0,0 m,105,2:30.3,2:36.2,0 m,0:00,1,92,23,2:36.2,92,23,0:00.0,0 m
2:22.9,458 m,20,3.4,118,Time,Running,Active,43,Recovery,0 m,0:00.0,0 m,105,2:29.3,2:36.1,0 m,0:00,1,92,24,2:36.1,92,24,0:00.0,0 m
2:23.9,461 m,20,3.4,120,Time,Running,Active,43,Driving,0 m,0:00.0,0 m,105,2:29.3,2:36.1,0 m,0:00,1,92,24,2:36.1,92,24,0:00.0,0 m
2:24.9,465 m,20,3.4,122,Time,Running,Active,44,Recovery,0 m,0:00.0,0 m,105,2:29.3,2:36.1,0 m,0:00,1,92,24,2:36.1,92,24,0:00.0,0 m
2:25.9,468 m,19,3.4,123,Time,Running,Active,44,Recovery,0 m,0:00.0,0 m,105,2:29.0,2:35.9,0 m,0:00,1,93,24,2:35.9,93,24,0:00.0,0 m
2:26.9,471 m,19,3.4,125,Time,Running,Active,44,Recovery,0 m,0:00.0,0 m,105,2:29.0,2:35.9,0 m,0:00,1,93,24,2:35.9,93,24,0:00.0,0 m
2:27.9,475 m,19,3.4,126,Time,Running,Active,45,Recovery,0 m,0:00.0,0 m,105,2:29.0,2:35.9,0 m,0:00,1,93,24,2:35.9,93,24,0:00.0,0 m
2:28.9,478 m,18,3.3,126,Time,Running,Active,45,Recovery,0 m,0:00.0,0 m,105,2:29.9,2:35.7,0 m,0:00,1,93,25,2:35.7,93,25,0:00.0,0 m
2:29.9,481 m,18,3.3,127,Time,Running,Active,45,Recovery,0 m,0:00.0,0 m,105,2:29.9,2:35.7,0 m,0:00,1,93,25,2:35.7,93,25,0:00.0,0 m
2:30.9,485 m,18,3.3,127,Time,Running,Active,46,Recovery,0 m,0:00.0,0 m,105,2:29.9,2:35.7,0 m,0:00,1,93,25,2:35.7,93,25,0:00.0,0 m
2:31.9,488 m,19,3.3,126,Time,Running,Active,46,Recovery,0 m,0:00.0,0 m,105,2:30.6,2:35.6,0 m,0:00,1,93,25,2:35.6,93,25,0:00.0,0 m
2:32.9,491 m,19,3.3,127,Time,Running,Active,46,Recovery,0 m,0:00.0,0 m,105,2:30.6,2:35.6,0 m,0:00,1,93,25,2:35.6,93,25,0:00.0,0 m
2:34.0,495 m,19,3.3,127,Time,Running,Active,46,Driving,0 m,0:00.0,0 m,105,2:30.6,2:35.6,0 m,0:00,1,93,25,2:35.6,93,25,0:00.0,0 m
2:34.9,498 m,19,3.3,126,Time,Running,Active,47,Recovery,0 m,0:00.0,0 m,105,2:30.6,2:35.6,0 m,0:00,1,93,25,2:35.6,93,25,0:00.0,0 m
2:36.0,502 m,18,3.4,127,Time,Running,Active,47,Recovery,0 m,0:00.0,0 m,105,2:29.6,2:35.5,0 m,0:00,1,93,26,2:35.5,93,26,0:00.0,0 m
2:37.0,505 m,18,3.4,128,Time,Running,Active,47,Driving,0 m,0:00.0,0 m,105,2:29.6,2:35.5,0 m,0:00,1,93,26,2:35.5,93,26,0:00.0,0 m
2:38.0,508 m,18,3.4,126,Time,Running,Active,48,Recovery,0 m,0:00.0,0 m,105,2:29.6,2:35.5,0 m,0:00,1,93,26,2:35.5,93,26,0:00.0,0 m
2:39.0,512 m,20,3.4,126,Time,Running,Active,48,Recovery,0 m,0:00.0,0 m,105,2:29.4,2:35.3,0 m,0:00,1,93,27,2:35.3,93,27,0:00.0,0 m
2:40.0,515 m,20,3.4,126,Time,Running,Active,48,Dwelling,0 m,0:00.0,0 m,105,2:29.4,2:35.3,0 m,0:00,1,93,27,2:35.3,93,27,0:00.0,0 m
2:41.0,519 m,20,3.4,126,Time,Running,Active,49,Recovery,0 m,0:00.0,0 m,105,2:28.8,2:35.2,0 m,0:00,1,94,27,2:35.2,94,27,0:00.0,0 m
2:42.0,522 m,20,3.4,126,Time,Running,Active,49,Recovery,0 m,0:00.0,0 m,105,2:28.8,2:35.2,0 m,0:00,1,94,27,2:35.2,94,27,0:00.0,0 m
2:43.0,525 m,20,3.4,125,Time,Running,Active,49,Driving,0 m,0:00.0,0 m,105,2:28.8,2:35.2,0 m,0:00,1,94,27,2:35.2,94,27,0:00.0,0 m
2:44.0,529 m,20,3.4,125,Time,Running,Active,50,Recovery,0 m,0:00.0,0 m,105,2:28.8,2:35.2,0 m,0:00,1,94,27,2:35.2,94,27,0:00.0,0 m
2:45.0,532 m,20,3.4,126,Time,Running,Active,50,Recovery,0 m,0:00.0,0 m,105,2:28.2,2:35.1,0 m,0:00,1,94,28,2:35.1,94,28,0:00.0,0 m
2:46.0,535 m,20,3.4,127,Time,Running,Active,50,Driving,0 m,0:00.0,0 m,105,2:28.2,2:35.1,0 m,0:00,1,94,28,2:35.1,94,28,0:00.0,0 m
2:47.0,539 m,20,3.4,127,Time,Running,Active,51,Recovery,0 m,0:00.0,0 m,105,2:28.2,2:35.1,0 m,0:00,1,94,28,2:35.1,94,28,0:00.0,0 m
2:48.0,542 m,19,3.3,126,Time,Running,Active,51,Recovery,0 m,0:00.0,0 m,105,2:31.7,2:35.0,0 m,0:00,1,94,28,2:35.0,94,28,0:00.0,0 m
2:49.0,545 m,19,3.3,126,Time,Running,Active,51,Driving,0 m,0:00.0,0 m,105,2:31.7,2:35.0,0 m,0:00,1,94,28,2:35.0,94,28,0:00.0,0 m
2:50.0,549 m,19,3.3,127,Time,Running,Active,52,Recovery,0 m,0:00.0,0 m,105,2:31.7,2:35.0,0 m,0:00,1,94,28,2:35.0,94,28,0:00.0,0 m
2:51.0,552 m,20,3.3,127,Time,Running,Active,52,Recovery,0 m,0:00.0,0 m,105,2:31.3,2:34.9,0 m,0:00,1,94,29,2:34.9,94,29,0:00.0,0 m
2:52.0,555 m,20,3.3,127,Time,Running,Active,52,Driving,0 m,0:00.0,0 m,105,2:31.3,2:34.9,0 m,0:00,1,94,29,2:34.9,94,29,0:00.0,0 m
2:53.0,559 m,20,3.3,127,Time,Running,Active,53,Recovery,0 m,0:00.0,0 m,105,2:31.3,2:34.9,0 m,0:00,1,94,29,2:34.9,94,29,0:00.0,0 m
2:54.0,562 m,19,3.3,126,Time,Running,Active,53,Recovery,0 m,0:00.0,0 m,105,2:30.8,2:34.8,0 m,0:00,1,94,29,2:34.8,94,29,0:00.0,0 m
2:55.1,565 m,19,3.3,125,Time,Running,Active,53,Driving,0 m,0:00.0,0 m,105,2:30.8,2:34.8,0 m,0:00,1,94,29,2:34.8,94,29,0:00.0,0 m
2:56.1,569 m,19,3.3,125,Time,Running,Active,54,Recovery,0 m,0:00.0,0 m,105,2:30.8,2:34.8,0 m,0:00,1,94,29,2:34.8,94,29,0:00.0,0 m
2:57.1,572 m,18,3.3,125,Time,Running,Active,54,Recovery,0 m,0:00.0,0 m,105,2:30.9,2:34.7,0 m,0:00,1,95,30,2:34.7,95,30,0:00.0,0 m
2:58.1,575 m,18,3.3,125,Time,Running,Active,54,Recovery,0 m,0:00.0,0 m,105,2:30.9,2:34.7,0 m,0:00,1,95,30,2:34.7,95,30,0:00.0,0 m
2:59.1,579 m,18,3.3,125,Time,Running,Active,54,Dwelling,0 m,0:00.0,0 m,105,2:30.9,2:34.7,0 m,0:00,1,95,30,2:34.7,95,30,0:00.0,0 m
3:00.1,582 m,18,3.3,125,Time,Running,Active,55,Recovery,0 m,0:00.0,0 m,105,2:31.8,2:34.7,0 m,0:00,1,95,31,2:34.7,95,31,0:00.0,0 m
3:01.1,585 m,18,3.3,125,Time,Running,Active,55,Recovery,0 m,0:00.0,0 m,105,2:31.8,2:34.7,0 m,0:00,1,95,31,2:34.7,95,31,0:00.0,0 m
3:02.1,589 m,18,3.3,125,Time,Running,Active,55,Driving,0 m,0:00.0,0 m,105,2:31.8,2:34.7,0 m,0:00,1,95,31,2:34.7,95,31,0:00.0,0 m
3:03.1,592 m,18,3.3,125,Time,Running,Active,56,Recovery,0 m,0:00.0,0 m,105,2:31.8,2:34.7,0 m,0:00,1,95,31,2:34.7,95,31,0:00.0,0 m
3:04.1,595 m,18,3.3,125,Time,Running,Active,56,Recovery,0 m,0:00.0,0 m,105,2:31.8,2:34.6,0 m,0:00,1,95,31,2:34.6,95,31,0:00.0,0 m
3:05.1,598 m,18,3.3,125,Time,Running,Active,56,Driving,0 m,0:00.0,0 m,105,2:31.8,2:34.6,0 m,0:00,1,95,31,2:34.6,95,31,0:00.0,0 m
3:06.1,602 m,18,3.3,125,Time,Running,Active,57,Recovery,0 m,0:00.0,0 m,105,2:31.8,2:34.6,0 m,0:00,1,95,31,2:34.6,95,31,0:00.0,0 m
3:07.1,605 m,19,3.3,125,Time,Running,Active,57,Recovery,0 m,0:00.0,0 m,105,2:31.3,2:34.5,0 m,0:00,1,95,32,2:34.5,95,32,0:00.0,0 m
3:08.1,609 m,19,3.3,126,Time,Running,Active,57,Driving,0 m,0:00.0,0 m,105,2:31.3,2:34.5,0 m,0:00,1,95,32,2:34.5,95,32,0:00.0,0 m
3:09.1,612 m,19,3.3,125,Time,Running,Active,58,Recovery,0 m,0:00.0,0 m,105,2:31.3,2:34.5,0 m,0:00,1,95,32,2:34.5,95,32,0:00.0,0 m
3:10.1,615 m,20,3.3,123,Time,Running,Active,58,Recovery,0 m,0:00.0,0 m,105,2:29.9,2:34.5,0 m,0:00,1,95,32,2:34.5,95,32,0:00.0,0 m
3:11.2,619 m,20,3.3,123,Time,Running,Active,58,Driving,0 m,0:00.0,0 m,105,2:29.9,2:34.5,0 m,0:00,1,95,32,2:34.5,95,32,0:00.0,0 m
3:12.2,622 m,20,3.3,122,Time,Running,Active,59,Recovery,0 m,0:00.0,0 m,104,2:29.9,2:34.5,0 m,0:00,1,95,32,2:34.5,95,32,0:00.0,0 m
3:13.2,625 m,19,3.3,122,Time,Running,Active,59,Recovery,0 m,0:00.0,0 m,104,2:32.7,2:34.4,0 m,0:00,1,95,33,2:34.4,95,33,0:00.0,0 m
3:14.2,628 m,19,3.3,121,Time,Running,Active,59,Driving,0 m,0:00.0,0 m,104,2:32.7,2:34.4,0 m,0:00,1,95,33,2:34.4,95,33,0:00.0,0 m
3:15.2,632 m,19,3.3,120,Time,Running,Active,60,Recovery,0 m,0:00.0,0 m,105,2:32.7,2:34.4,0 m,0:00,1,95,33,2:34.4,95,33,0:00.0,0 m
3:16.2,635 m,21,3.3,119,Time,Running,Active,60,Recovery,0 m,0:00.0,0 m,105,2:34.2,2:34.4,0 m,0:00,1,95,33,2:34.4,95,33,0:00.0,0 m
3:17.2,638 m,21,3.3,119,Time,Running,Active,60,Driving,0 m,0:00.0,0 m,105,2:34.2,2:34.4,0 m,0:00,1,95,33,2:34.4,95,33,0:00.0,0 m
3:18.2,642 m,21,3.3,118,Time,Running,Active,61,Recovery,0 m,0:00.0,0 m,106,2:34.2,2:34.4,0 m,0:00,1,95,33,2:34.4,95,33,0:00.0,0 m
3:19.2,645 m,23,3.2,116,Time,Running,Active,61,Recovery,0 m,0:00.0,0 m,106,2:36.8,2:34.4,0 m,0:00,1,95,34,2:34.4,95,34,0:00.0,0 m
3:20.2,648 m,23,3.2,116,Time,Running,Active,61,Recovery,0 m,0:00.0,0 m,105,2:36.8,2:34.4,0 m,0:00,1,95,34,2:34.4,95,34,0:00.0,0 m
3:21.2,652 m,22,3.4,116,Time,Running,Active,62,Recovery,0 m,0:00.0,0 m,105,2:27.7,2:34.3,0 m,0:00,1,95,34,2:34.3,95,34,0:00.0,0 m
3:22.2,655 m,22,3.4,116,Time,Running,Active,62,Recovery,0 m,0:00.0,0 m,105,2:27.7,2:34.3,0 m,0:00,1,95,34,2:34.3,95,34,0:00.0,0 m
3:23.2,658 m,22,3.4,116,Time,Running,Active,63,Recovery,0 m,0:00.0,0 m,104,2:27.7,2:34.3,0 m,0:00,1,95,34,2:34.3,95,34,0:00.0,0 m
3:24.2,662 m,21,3.3,116,Time,Running,Active,63,Recovery,0 m,0:00.0,0 m,104,2:31.3,2:34.3,0 m,0:00,1,95,35,2:34.3,95,35,0:00.0,0 m
3:25.2,665 m,21,3.3,116,Time,Running,Active,63,Recovery,0 m,0:00.0,0 m,104,2:31.3,2:34.3,0 m,0:00,1,95,35,2:34.3,95,35,0:00.0,0 m
3:26.2,668 m,21,3.3,115,Time,Running,Active,63,Dwelling,0 m,0:00.0,0 m,104,2:31.3,2:34.3,0 m,0:00,1,95,35,2:34.3,95,35,0:00.0,0 m
3:27.2,671 m,19,3.2,116,Time,Running,Active,64,Recovery,0 m,0:00.0,0 m,104,2:38.8,2:34.3,0 m,0:00,1,95,35,2:34.3,95,35,0:00.0,0 m
3:28.2,674 m,19,3.2,116,Time,Running,Active,64,Recovery,0 m,0:00.0,0 m,104,2:38.8,2:34.3,0 m,0:00,1,95,35,2:34.3,95,35,0:00.0,0 m
3:29.2,678 m,19,3.2,116,Time,Running,Active,64,Dwelling,0 m,0:00.0,0 m,105,2:38.8,2:34.3,0 m,0:00,1,95,35,2:34.3,95,35,0:00.0,0 m
3:30.3,681 m,20,3.3,117,Time,Running,Active,65,Recovery,0 m,0:00.0,0 m,105,2:33.7,2:34.3,0 m,0:00,1,95,36,2:34.3,95,36,0:00.0,0 m
3:31.2,684 m,20,3.3,117,Time,Running,Active,65,Recovery,0 m,0:00.0,0 m,105,2:33.7,2:34.3,0 m,0:00,1,95,36,2:34.3,95,36,0:00.0,0 m
3:32.3,687 m,20,3.3,119,Time,Running,Active,65,Driving,0 m,0:00.0,0 m,105,2:33.7,2:34.3,0 m,0:00,1,95,36,2:34.3,95,36,0:00.0,0 m
3:33.3,691 m,20,3.3,119,Time,Running,Active,66,Recovery,0 m,0:00.0,0 m,105,2:33.7,2:34.3,0 m,0:00,1,95,36,2:34.3,95,36,0:00.0,0 m
3:34.3,694 m,19,3.3,119,Time,Running,Active,66,Recovery,0 m,0:00.0,0 m,105,2:33.1,2:34.3,0 m,0:00,1,95,37,2:34.3,95,37,0:00.0,0 m
3:35.3,697 m,19,3.3,120,Time,Running,Active,66,Driving,0 m,0:00.0,0 m,105,2:33.1,2:34.3,0 m,0:00,1,95,37,2:34.3,95,37,0:00.0,0 m
3:36.3,701 m,19,3.3,120,Time,Running,Active,67,Recovery,0 m,0:00.0,0 m,104,2:33.1,2:34.3,0 m,0:00,1,95,37,2:34.3,95,37,0:00.0,0 m
3:37.3,704 m,19,3.3,121,Time,Running,Active,67,Recovery,0 m,0:00.0,0 m,104,2:31.1,2:34.2,0 m,0:00,1,95,37,2:34.2,95,37,0:00.0,0 m
3:38.3,708 m,19,3.3,122,Time,Running,Active,67,Driving,0 m,0:00.0,0 m,104,2:31.1,2:34.2,0 m,0:00,1,95,37,2:34.2,95,37,0:00.0,0 m
3:39.3,711 m,19,3.3,122,Time,Running,Active,68,Recovery,0 m,0:00.0,0 m,104,2:31.1,2:34.2,0 m,0:00,1,95,37,2:34.2,95,37,0:00.0,0 m
3:40.3,715 m,19,3.4,122,Time,Running,Active,68,Recovery,0 m,0:00.0,0 m,104,2:27.8,2:34.1,0 m,0:00,1,96,38,2:34.1,96,38,0:00.0,0 m
3:41.3,718 m,19,3.4,122,Time,Running,Active,68,Recovery,0 m,0:00.0,0 m,104,2:27.8,2:34.1,0 m,0:00,1,96,38,2:34.1,96,38,0:00.0,0 m
3:42.3,722 m,19,3.4,122,Time,Running,Active,69,Recovery,0 m,0:00.0,0 m,105,2:27.8,2:34.1,0 m,0:00,1,96,38,2:34.1,96,38,0:00.0,0 m
3:43.3,725 m,19,3.5,123,Time,Running,Active,69,Recovery,0 m,0:00.0,0 m,105,2:24.5,2:34.0,0 m,0:00,1,96,38,2:34.0,96,38,0:00.0,0 m
3:44.3,729 m,19,3.5,123,Time,Running,Active,69,Recovery,0 m,0:00.0,0 m,105,2:24.5,2:34.0,0 m,0:00,1,96,38,2:34.0,96,38,0:00.0,0 m
3:45.3,732 m,19,3.5,123,Time,Running,Active,69,Dwelling,0 m,0:00.0,0 m,105,2:24.5,2:34.0,0 m,0:00,1,96,38,2:34.0,96,38,0:00.0,0 m
3:46.3,736 m,19,3.5,123,Time,Running,Active,70,Recovery,0 m,0:00.0,0 m,105,2:25.4,2:33.8,0 m,0:00,1,96,39,2:33.8,96,39,0:00.0,0 m
3:47.3,739 m,19,3.5,123,Time,Running,Active,70,Recovery,0 m,0:00.0,0 m,105,2:25.4,2:33.8,0 m,0:00,1,96,39,2:33.8,96,39,0:00.0,0 m
3:48.3,742 m,19,3.5,123,Time,Running,Active,70,Driving,0 m,0:00.0,0 m,105,2:25.4,2:33.8,0 m,0:00,1,96,39,2:33.8,96,39,0:00.0,0 m
3:49.3,746 m,19,3.5,123,Time,Running,Active,71,Recovery,0 m,0:00.0,0 m,105,2:25.4,2:33.8,0 m,0:00,1,96,39,2:33.8,96,39,0:00.0,0 m
3:50.3,749 m,19,3.4,123,Time,Running,Active,71,Recovery,0 m,0:00.0,0 m,105,2:26.4,2:33.7,0 m,0:00,1,96,40,2:33.7,96,40,0:00.0,0 m
3:51.4,753 m,19,3.4,123,Time,Running,Active,71,Dwelling,0 m,0:00.0,0 m,105,2:26.4,2:33.7,0 m,0:00,1,96,40,2:33.7,96,40,0:00.0,0 m
3:52.4,756 m,21,3.4,123,Time,Running,Active,72,Recovery,0 m,0:00.0,0 m,105,2:26.2,2:33.6,0 m,0:00,1,97,40,2:33.6,97,40,0:00.0,0 m
3:53.4,760 m,21,3.4,122,Time,Running,Active,72,Recovery,0 m,0:00.0,0 m,105,2:26.2,2:33.6,0 m,0:00,1,97,40,2:33.6,97,40,0:00.0,0 m
3:54.4,763 m,21,3.4,122,Time,Running,Active,72,Driving,0 m,0:00.0,0 m,105,2:26.2,2:33.6,0 m,0:00,1,97,40,2:33.6,97,40,0:00.0,0 m
3:55.4,767 m,21,3.4,122,Time,Running,Active,73,Recovery,0 m,0:00.0,0 m,105,2:26.2,2:33.6,0 m,0:00,1,97,40,2:33.6,97,40,0:00.0,0 m
3:56.4,770 m,20,3.4,122,Time,Running,Active,73,Recovery,0 m,0:00.0,0 m,105,2:27.7,2:33.5,0 m,0:00,1,97,41,2:33.5,97,41,0:00.0,0 m
3:57.4,773 m,20,3.4,123,Time,Running,Active,73,Recovery,0 m,0:00.0,0 m,105,2:27.7,2:33.5,0 m,0:00,1,97,41,2:33.5,97,41,0:00.0,0 m
3:58.4,777 m,21,3.4,123,Time,Running,Active,74,Recovery,0 m,0:00.0,0 m,105,2:26.1,2:33.4,0 m,0:00,1,97,41,2:33.4,97,41,0:00.0,0 m
3:59.4,780 m,21,3.4,123,Time,Running,Active,74,Recovery,0 m,0:00.0,0 m,105,2:26.1,2:33.4,0 m,0:00,1,97,41,2:33.4,97,41,0:00.0,0 m
4:00.4,784 m,21,3.4,125,Time,Running,Active,74,Dwelling,0 m,0:00.0,0 m,105,2:26.1,2:33.4,0 m,0:00,1,97,41,2:33.4,97,41,0:00.0,0 m
4:01.4,787 m,20,3.4,125,Time,Running,Active,75,Recovery,0 m,0:00.0,0 m,105,2:29.1,2:33.4,0 m,0:00,1,97,42,2:33.4,97,42,0:00.0,0 m
4:02.4,790 m,20,3.4,126,Time,Running,Active,75,Recovery,0 m,0:00.0,0 m,105,2:29.1,2:33.4,0 m,0:00,1,97,42,2:33.4,97,42,0:00.0,0 m
4:03.4,793 m,20,3.4,126,Time,Running,Active,75,Driving,0 m,0:00.0,0 m,105,2:29.1,2:33.4,0 m,0:00,1,97,42,2:33.4,97,42,0:00.0,0 m
4:04.4,797 m,20,3.4,126,Time,Running,Active,76,Recovery,0 m,0:00.0,0 m,104,2:29.1,2:33.4,0 m,0:00,1,97,42,2:33.4,97,42,0:00.0,0 m
4:05.4,800 m,16,3.3,126,Time,Running,Active,76,Recovery,0 m,0:00.0,0 m,104,2:34.2,2:33.4,0 m,0:00,1,97,42,2:33.4,97,42,0:00.0,0 m
4:06.4,803 m,16,3.3,126,Time,Running,Active,76,Recovery,0 m,0:00.0,0 m,104,2:34.2,2:33.4,0 m,0:00,1,97,42,2:33.4,97,42,0:00.0,0 m
4:07.5,806 m,16,3.3,126,Time,Running,Active,76,Driving,0 m,0:00.0,0 m,104,2:34.2,2:33.4,0 m,0:00,1,97,42,2:33.4,97,42,0:00.0,0 m
4:08.5,809 m,16,3.3,126,Time,Running,Active,77,Recovery,0 m,0:00.0,0 m,105,2:34.2,2:33.4,0 m,0:00,1,97,42,2:33.4,97,42,0:00.0,0 m
4:09.5,813 m,15,3.1,126,Time,Running,Active,77,Recovery,0 m,0:00.0,0 m,105,2:40.1,2:33.5,0 m,0:00,1,97,43,2:33.5,97,43,0:00.0,0 m
4:10.5,816 m,15,3.1,125,Time,Running,Active,77,Recovery,0 m,0:00.0,0 m,105,2:40.1,2:33.5,0 m,0:00,1,97,43,2:33.5,97,43,0:00.0,0 m
4:11.5,819 m,15,3.1,125,Time,Running,Active,77,Driving,0 m,0:00.0,0 m,105,2:40.1,2:33.5,0 m,0:00,1,97,43,2:33.5,97,43,0:00.0,0 m
4:12.5,822 m,15,3.1,125,Time,Running,Active,78,Recovery,0 m,0:00.0,0 m,105,2:40.1,2:33.5,0 m,0:00,1,97,43,2:33.5,97,43,0:00.0,0 m
4:13.5,825 m,16,3.1,125,Time,Running,Active,78,Recovery,0 m,0:00.0,0 m,105,2:40.0,2:33.6,0 m,0:00,1,97,44,2:33.6,97,44,0:00.0,0 m
4:14.5,828 m,16,3.1,125,Time,Running,Active,78,Recovery,0 m,0:00.0,0 m,105,2:40.0,2:33.6,0 m,0:00,1,97,44,2:33.6,97,44,0:00.0,0 m
4:15.5,831 m,16,3.1,125,Time,Running,Active,78,Dwelling,0 m,0:00.0,0 m,105,2:40.0,2:33.6,0 m,0:00,1,97,44,2:33.6,97,44,0:00.0,0 m
4:16.5,834 m,16,3.1,123,Time,Running,Active,79,Recovery,0 m,0:00.0,0 m,105,2:41.7,2:33.7,0 m,0:00,1,97,44,2:33.7,97,44,0:00.0,0 m
4:17.5,837 m,16,3.1,123,Time,Running,Active,79,Recovery,0 m,0:00.0,0 m,105,2:41.7,2:33.7,0 m,0:00,1,97,44,2:33.7,97,44,0:00.0,0 m
4:18.5,840 m,16,3.1,123,Time,Running,Active,79,Recovery,0 m,0:00.0,0 m,105,2:41.7,2:33.7,0 m,0:00,1,97,44,2:33.7,97,44,0:00.0,0 m
4:19.5,843 m,16,3.1,123,Time,Running,Active,80,Recovery,0 m,0:00.0,0 m,105,2:41.7,2:33.7,0 m,0:00,1,97,44,2:33.7,97,44,0:00.0,0 m
4:20.5,847 m,15,3.1,123,Time,Running,Active,80,Recovery,0 m,0:00.0,0 m,105,2:43.5,2:33.8,0 m,0:00,1,96,45,2:33.8,96,45,0:00.0,0 m
4:21.5,850 m,15,3.1,122,Time,Running,Active,80,Recovery,0 m,0:00.0,0 m,105,2:43.5,2:33.8,0 m,0:00,1,96,45,2:33.8,96,45,0:00.0,0 m
4:22.5,853 m,15,3.1,122,Time,Running,Active,80,Driving,0 m,0:00.0,0 m,105,2:43.5,2:33.8,0 m,0:00,1,96,45,2:33.8,96,45,0:00.0,0 m
4:23.5,856 m,15,3.1,122,Time,Running,Active,81,Recovery,0 m,0:00.0,0 m,105,2:43.5,2:33.8,0 m,0:00,1,96,45,2:33.8,96,45,0:00.0,0 m
4:24.5,859 m,16,3.1,122,Time,Running,Active,81,Recovery,0 m,0:00.0,0 m,105,2:42.3,2:33.9,0 m,0:00,1,96,46,2:33.9,96,46,0:00.0,0 m
4:25.5,862 m,16,3.1,121,Time,Running,Active,81,Recovery,0 m,0:00.0,0 m,105,2:42.3,2:33.9,0 m,0:00,1,96,46,2:33.9,96,46,0:00.0,0 m
4:26.5,865 m,16,3.1,121,Time,Running,Active,81,Driving,0 m,0:00.0,0 m,105,2:42.3,2:33.9,0 m,0:00,1,96,46,2:33.9,96,46,0:00.0,0 m
4:27.5,869 m,16,3.1,121,Time,Running,Active,82,Recovery,0 m,0:00.0,0 m,105,2:42.3,2:33.9,0 m,0:00,1,96,46,2:33.9,96,46,0:00.0,0 m
4:28.5,872 m,16,3.1,121,Time,Running,Active,82,Recovery,0 m,0:00.0,0 m,105,2:40.0,2:34.0,0 m,0:00,1,96,46,2:34.0,96,46,0:00.0,0 m
4:29.5,875 m,16,3.1,122,Time,Running,Active,82,Recovery,0 m,0:00.0,0 m,105,2:40.0,2:34.0,0 m,0:00,1,96,46,2:34.0,96,46,0:00.0,0 m
4:30.6,878 m,16,3.1,124,Time,Running,Active,82,Dwelling,0 m,0:00.0,0 m,105,2:40.0,2:34.0,0 m,0:00,1,96,46,2:34.0,96,46,0:00.0,0 m
4:31.6,881 m,17,3.2,123,Time,Running,Active,83,Recovery,0 m,0:00.0,0 m,105,2:38.4,2:34.0,0 m,0:00,1,96,47,2:34.0,96,47,0:00.0,0 m
4:32.5,884 m,17,3.2,123,Time,Running,Active,83,Recovery,0 m,0:00.0,0 m,105,2:38.4,2:34.0,0 m,0:00,1,96,47,2:34.0,96,47,0:00.0,0 m
4:33.6,887 m,17,3.2,123,Time,Running,Active,83,Driving,0 m,0:00.0,0 m,105,2:38.4,2:34.0,0 m,0:00,1,96,47,2:34.0,96,47,0:00.0,0 m
4:34.6,891 m,17,3.2,122,Time,Running,Active,84,Recovery,0 m,0:00.0,0 m,105,2:38.4,2:34.0,0 m,0:00,1,96,47,2:34.0,96,47,0:00.0,0 m
4:35.6,894 m,16,3.2,121,Time,Running,Active,84,Recovery,0 m,0:00.0,0 m,105,2:38.7,2:34.1,0 m,0:00,1,96,47,2:34.1,96,47,0:00.0,0 m
4:36.6,897 m,16,3.2,120,Time,Running,Active,84,Recovery,0 m,0:00.0,0 m,105,2:38.7,2:34.1,0 m,0:00,1,96,47,2:34.1,96,47,0:00.0,0 m
4:37.6,900 m,16,3.2,121,Time,Running,Active,84,Driving,0 m,0:00.0,0 m,105,2:38.7,2:34.1,0 m,0:00,1,96,47,2:34.1,96,47,0:00.0,0 m
4:38.6,904 m,16,3.2,121,Time,Running,Active,85,Recovery,0 m,0:00.0,0 m,105,2:38.7,2:34.1,0 m,0:00,1,96,47,2:34.1,96,47,0:00.0,0 m
4:39.6,907 m,16,3.2,121,Time,Running,Active,85,Recovery,0 m,0:00.0,0 m,105,2:38.3,2:34.1,0 m,0:00,1,96,48,2:34.1,96,48,0:00.0,0 m
4:40.6,910 m,16,3.2,121,Time,Running,Active,85,Recovery,0 m,0:00.0,0 m,105,2:38.3,2:34.1,0 m,0:00,1,96,48,2:34.1,96,48,0:00.0,0 m
4:41.6,913 m,16,3.2,121,Time,Running,Active,85,Dwelling,0 m,0:00.0,0 m,105,2:38.3,2:34.1,0 m,0:00,1,96,48,2:34.1,96,48,0:00.0,0 m
4:42.6,917 m,16,3.2,120,Time,Running,Active,86,Recovery,0 m,0:00.0,0 m,105,2:38.4,2:34.2,0 m,0:00,1,96,49,2:34.2,96,49,0:00.0,0 m
4:43.6,920 m,16,3.2,119,Time,Running,Active,86,Recovery,0 m,0:00.0,0 m,105,2:38.4,2:34.2,0 m,0:00,1,96,49,2:34.2,96,49,0:00.0,0 m
4:44.6,923 m,16,3.2,120,Time,Running,Active,86,Driving,0 m,0:00.0,0 m,105,2:38.4,2:34.2,0 m,0:00,1,96,49,2:34.2,96,49,0:00.0,0 m
4:45.6,926 m,16,3.2,121,Time,Running,Active,87,Recovery,0 m,0:00.0,0 m,105,2:38.4,2:34.2,0 m,0:00,1,96,49,2:34.2,96,49,0:00.0,0 m
4:46.6,929 m,17,3.2,122,Time,Running,Active,87,Recovery,0 m,0:00.0,0 m,105,2:35.2,2:34.2,0 m,0:00,1,96,49,2:34.2,96,49,0:00.0,0 m
4:47.6,932 m,17,3.2,122,Time,Running,Active,87,Recovery,0 m,0:00.0,0 m,105,2:35.2,2:34.2,0 m,0:00,1,96,49,2:34.2,96,49,0:00.0,0 m
4:48.7,935 m,17,3.2,123,Time,Running,Active,87,Driving,0 m,0:00.0,0 m,105,2:35.2,2:34.2,0 m,0:00,1,96,49,2:34.2,96,49,0:00.0,0 m
4:49.7,939 m,17,3.2,123,Time,Running,Active,88,Recovery,0 m,0:00.0,0 m,105,2:35.2,2:34.2,0 m,0:00,1,96,49,2:34.2,96,49,0:00.0,0 m
4:50.7,942 m,16,3.2,123,Time,Running,Active,88,Recovery,0 m,0:00.0,0 m,105,2:37.2,2:34.2,0 m,0:00,1,95,50,2:34.2,95,50,0:00.0,0 m
4:51.7,945 m,16,3.2,123,Time,Running,Active,88,Recovery,0 m,0:00.0,0 m,105,2:37.2,2:34.2,0 m,0:00,1,95,50,2:34.2,95,50,0:00.0,0 m
4:52.7,948 m,16,3.2,123,Time,Running,Active,88,Driving,0 m,0:00.0,0 m,105,2:37.2,2:34.2,0 m,0:00,1,95,50,2:34.2,95,50,0:00.0,0 m
4:53.7,951 m,16,3.2,124,Time,Running,Active,89,Recovery,0 m,0:00.0,0 m,105,2:37.2,2:34.2,0 m,0:00,1,95,50,2:34.2,95,50,0:00.0,0 m
4:54.7,954 m,15,3.1,124,Time,Running,Active,89,Recovery,0 m,0:00.0,0 m,105,2:41.8,2:34.3,0 m,0:00,1,95,51,2:34.3,95,51,0:00.0,0 m
4:55.6,957 m,15,3.1,124,Time,Running,Active,89,Recovery,0 m,0:00.0,0 m,105,2:41.8,2:34.3,0 m,0:00,1,95,51,2:34.3,95,51,0:00.0,0 m
4:56.7,960 m,15,3.1,125,Time,Running,Active,89,Recovery,0 m,0:00.0,0 m,105,2:41.8,2:34.3,0 m,0:00,1,95,51,2:34.3,95,51,0:00.0,0 m
4:57.6,962 m,15,3.1,125,Time,Running,Active,89,Recovery,0 m,0:00.0,0 m,105,2:41.8,2:34.3,0 m,0:00,1,95,51,2:34.3,95,51,0:00.0,0 m
4:58.6,964 m,15,3.1,125,Time,Running,Active,89,Recovery,0 m,0:00.0,0 m,105,2:41.8,2:34.3,0 m,0:00,1,95,51,2:34.3,95,51,0:00.0,0 m
4:58.9,965 m,15,3.1,125,Time,Running,Inactive,89,Waiting To Accelerate,0 m,0:00.0,0 m,105,2:41.8,2:34.3,0 m,0:00,1,95,51,2:34.3,95,51,0:00.0,0 m
4:58.9,965 m,15,3.1,124,Time,Running,Inactive,89,Waiting To Accelerate,0 m,0:00.0,0 m,105,2:41.8,2:34.9,0 m,0:00,1,94,51,2:34.9,94,51,0:00.0,965 m
4:58.9,965 m,15,3.1,123,Time,Running,Inactive,89,Waiting To Accelerate,0 m,0:00.0,0 m,105,2:41.8,2:34.9,0 m,0:00,1,94,51,2:34.9,94,51,0:00.0,965 m
4:58.9,965 m,15,3.1,121,Time,Running,Inactive,89,Waiting To Accelerate,0 m,0:00.0,0 m,105,2:41.8,2:34.9,0 m,0:00,1,94,51,2:34.9,94,51,0:00.0,965 m
4:58.9,965 m,15,3.1,121,Time,Running,Inactive,89,Waiting To Accelerate,0 m,0:00.0,0 m,105,2:41.8,2:34.9,0 m,0:00,1,94,51,2:34.9,94,51,0:00.0,965 m
4:58.9,965 m,15,3.1,120,Time,Running,Inactive,89,Waiting To Accelerate,0 m,0:00.0,0 m,105,2:41.8,2:34.9,0 m,0:00,1,94,51,2:34.9,94,51,0:00.0,965 m
4:58.9,965 m,15,3.1,121,Time,Running,Inactive,89,Waiting To Accelerate,0 m,0:00.0,0 m,105,2:41.8,2:34.9,0 m,0:00,1,94,51,2:34.9,94,51,0:00.0,965 m
4:58.9,965 m,15,3.1,122,Time,Running,Inactive,89,Waiting To Accelerate,0 m,0:00.0,0 m,105,2:41.8,2:34.9,0 m,0:00,1,94,51,2:34.9,94,51,0:00.0,965 m
4:58.9,965 m,15,3.1,122,Time,Running,Inactive,89,Waiting To Accelerate,0 m,0:00.0,0 m,105,2:41.8,2:34.9,0 m,0:00,1,94,51,2:34.9,94,51,0:00.0,965 m
4:58.9,965 m,15,3.1,122,Time,Running,Inactive,89,Waiting To Accelerate,0 m,0:00.0,0 m,105,2:41.8,2:34.9,0 m,0:00,1,94,51,2:34.9,94,51,0:00.0,965 m
4:58.9,965 m,15,3.1,121,Time,Running,Inactive,89,Waiting To Accelerate,0 m,0:00.0,0 m,105,2:41.8,2:34.9,0 m,0:00,1,94,51,2:34.9,94,51,0:00.0,965 m
4:58.9,965 m,15,3.1,120,Time,Running,Inactive,89,Waiting To Accelerate,0 m,0:00.0,0 m,105,2:41.8,2:34.9,0 m,0:00,1,94,51,2:34.9,94,51,0:00.0,965 m
